{
  "project_info": {
    "project_number": "863944569490",
    "firebase_url": "https://mypantrymaster.firebaseio.com",
    "project_id": "mypantrymaster",
    "storage_bucket": "mypantrymaster.appspot.com"
  },
  "client": [
    {
      "client_info": {
        "mobilesdk_app_id": "1:863944569490:android:fe6f59e99640dbd2",
        "android_client_info": {
          "package_name": "com.example.mypantrymaster"
        }
      },
      "oauth_client": [
        {
          "client_id": "863944569490-qf1rfruigbcu0bpn0ueqq23t3l51064n.apps.googleusercontent.com",
          "client_type": 3
        }
      ],
      "api_key": [
        {
          "current_key": "AIzaSyAN2Ult4bjsN4MJHQR-7ZHxUrRIiQqJIg4"
        }
      ],
      "services": {
        "appinvite_service": {
          "other_platform_oauth_client": [
            {
              "client_id": "863944569490-qf1rfruigbcu0bpn0ueqq23t3l51064n.apps.googleusercontent.com",
              "client_type": 3
            }
          ]
        }
      }
    }
  ],
  "configuration_version": "1"
}